Acting,https://pixabay.com/get/gaff1a116c5d43cdea94afb4b8e22c350ebe34433df010c5ca06410a77f747c042de8833eeba5d54da1a3dca3bcc0ab0fccc96b441c6beee34c6145d4b455fdb7_1280.jpg
Action Figures,https://pixabay.com/get/g47f81f805c896b9b5c01b9b1536ffe6b4ca18801d6553bbc2e3c57c18fbfa4a09425897d58c6c2a92ae52f0485c07693633d8384f2b7e26522b94f4eb7dac77d_1280.jpg
Adventure park,https://pixabay.com/get/g960581fc932dee84a3a3dff0509442e2cef2abec5075af7b19b992ad113b6905b0aea3e3f2d1b3cdf42d1871daacb248a46d998f5ec71bf4ded9c2d4d581a323_1280.jpg
Aerobics,https://pixabay.com/get/g5aca5cbd43f810415fb6f0c2b7e1bc7e67f06f26c365af36be3f5a0f210241143bf3b11e732821149e5c5f3b90b30b7e3129b4fa4e16783fa755eadddfd5ca6b_1280.png
Air sports,https://pixabay.com/get/gc45b20a7433a794ec6cfff5f78ac1edd583b95d1bdb9028d099503ea5d7f71261fac187b4feded254b19f798db22434f860dc9a48833a50eeaabd41083677bf0_1280.jpg
Airbrushing,https://pixabay.com/get/g8046358813758b9a7d524e6d83dbef4c1d2f0abd5902fa43df000b53219f41c6d7b303b442677ee93288525d8ad5a30bd1213c6c3ed304a95e59d7e04b1b570d_1280.jpg
Aircraft,https://pixabay.com/get/g34d1aee7f0b72d491caeb06c582826e70c27decce3419eb33b9a7a2ffbbdf692a41e4019e2373ccdf56e221a7b0515c6e7e8cba4f71e75384cf68d769afb9fa8_1280.jpg
Aircraft spotting,https://pixabay.com/get/ged108f074984e26b5376405a526b1c6128e5d5ffa720950a452d6a812700a65e47d8f37e215d1d92c497d47a527b6823b25d7e89531f400aeaa2761048c2cf97_1280.jpg
Airsoft,https://pixabay.com/get/g4bf69e239c7e1ea8e8641fc3e6a2bbd9a0107a7f2d46708aafe9521302024bcbd39d491bbba86f630c1f7e135cb2076d913c7312ff6f87fe8d9c3cea98948f7f_1280.jpg
All-Terrain vehicles,https://pixabay.com/get/g3f5acb709098f14f7fcea4555e456c4e76d03c353c0d489e42535eb4e0132aa0b76d825e057061ca1a249b787d8d4d17b94033577ed5ab7a336a98d5a2ed9fdb_1280.png
